Class,AUC
Normal,0.9999957691774172
MITM,1.0
Fingerprinting,0.9989811862244897
Ransomware,0.9999935030916792
Uploading,1.0
SQL_injection,1.0
DDoS_HTTP,0.9999928449892157
DDoS_TCP,1.0
Password,0.9999469227701417
Port_Scanning,0.9995851317901878
Vulnerability_scanner,0.9996287112185768
Backdoor,0.9998518274096166
XSS,0.99988084955931
DDoS_UDP,1.0
DDoS_ICMP,1.0
